First Name,Last Name,Display Name,Mobile Number,Home Number,Email,Additional Emails,Company,Role,Work Number,Bills to,Accepts bills from,Tags,Notes,ID,Customer Type,Customer notifications enabled,Customer is Contractor,Lead Source,Customer created at,Do Not Service,Last service date,Lifetime value,Address_1 Street Line 1,Address_1 Street Line 2,Address_1 City,Address_1 State,Address_1 Postal Code,Address_1 Billing?,Address_1 Notes,Address_2 Street Line 1,Address_2 Street Line 2,Address_2 City,Address_2 State,Address_2 Postal Code,Address_2 Billing?,Address_2 Notes,Address_3 Street Line 1,Address_3 Street Line 2,Address_3 City,Address_3 State,Address_3 Postal Code,Address_3 Billing?,Address_3 Notes,Address_4 Street Line 1,Address_4 Street Line 2,Address_4 City,Address_4 State,Address_4 Postal Code,Address_4 Billing?,Address_4 Notes,Address_5 Street Line 1,Address_5 Street Line 2,Address_5 City,Address_5 State,Address_5 Postal Code,Address_5 Billing?,Address_5 Notes
Paula,Marsh,Paula Marsh,(214) 555-0101,,paula@example.com,,,,,,,,Back door sticks,131000001,Homeowner,true,false,Google,2024-06-03T17:30:12Z,false,,$0.00,100 Oak St,,Fort Worth,TX,76129-0006,true,,,,,,,,,,,,,,,,,,,,,,,,,,,,,
Rob,Nguyen,Rob Nguyen,214-555-0102,,family@example.com,,,,,,,,,131000002,Homeowner,true,false,,2024-07-01T15:00:00Z,false,,$0.00,200 Elm St,,Dallas,TX,75201,true,,,,,,,,,,,,,,,,,,,,,,,,,,,,,
Rita,Nguyen,Rita Nguyen,214-555-0103,,family@example.com,,,,,,,,,131000003,Homeowner,true,false,,2024-07-02T15:00:00Z,false,,$0.00,202 Elm St,,Dallas,TX,75201,true,,,,,,,,,,,,,,,,,,,,,,,,,,,,,
(817) 555-0104,,(817) 555-0104,(817) 555-0104,,,,,,,,,,,131000004,,true,false,,2025-01-10T12:00:00Z,false,,$0.00,,,,,,,,,,,,,,,,,,,,,,,,,,,,,,,,,,,
,,Northside Rentals,,,ops@northside.example,billing@northside.example,Northside Rentals,,469-555-0105,,,,,131000005,Business,true,false,,2023-11-20T09:15:00Z,false,,$0.00,500 Pine Ave,,Arlington,TX,76010,true,,510 Pine Ave,Unit B,Arlington,TX,76010,false,,,,,,,,,,,,,,,,,,,,,,
Dana,Reyes,Dana Reyes,,972.555.0106,,,,,,,,,,131000006,Homeowner,true,false,,2022-02-14T18:45:00Z,true,,$0.00,600 Birch Ln,,Plano,TX,75024,true,,,,,,,,,,,,,,,,,,,,,,,,,,,,,
Sam,Ortiz,Sam Ortiz,(682) 555-0107,,Sam@Example.com,,,,,,,,,131000007,Homeowner,true,false,,2025-05-05T16:00:00Z,false,,$0.00,700 Maple Dr,,Keller,TX,76248,true,,,,,,,,,,,,,,,,,,,,,,,,,,,,,
Lee,Park,Lee Park,,,,,,,,,,,,131000008,Homeowner,true,false,,2025-03-03T14:00:00Z,false,,$0.00,800 Walnut St,,Frisco,TX,75034,true,,,,,,,,,,,,,,,,,,,,,,,,,,,,,
Chris,Lane,Chris Lane,,,chris.a@example.com,,,,,,,,,131000009,Homeowner,true,false,,2025-04-01T14:00:00Z,false,,$0.00,900 Cedar Ct,,Irving,TX,75038,true,,,,,,,,,,,,,,,,,,,,,,,,,,,,,
Chris,Lane,Chris Lane,,,chris.b@example.com,,,,,,,,,131000010,Homeowner,true,false,,2025-04-02T14:00:00Z,false,,$0.00,910 Cedar Ct,,Irving,TX,75038,true,,,,,,,,,,,,,,,,,,,,,,,,,,,,,
Kim,Wu,Kim Wu,(214) 555-0111,,kim@example.com,,,,,,,,,131000011,Homeowner,true,false,,2025-06-01T14:00:00Z,false,,$0.00,1100 Aspen Way,,Denton,TX,76201,true,,,,,,,,,,,,,,,,,,,,,,,,,,,,,
