Job #,Customer name,Customer email,Customer mobile number,Customer home number,Job description,Job status,Job amount,Job scheduled start date,Job scheduled end date,Job completed date,Job created date,Recurring,Street,Street 2,City,State,Zipcode,Notes,Job tags,Job type,Discount amount,Tip amount,Assigned employees
="10",Paula Marsh,paula@example.com,(214) 555-0101,,Standard Cleaning,Completed,$150.00,2026-07-20T10:00:00-05:00,2026-07-20T12:30:00-05:00,2026-07-20T12:30:00-05:00,2026-01-02T09:00:00-06:00,true,100 Oak St,,Fort Worth,TX,76129,,,,$0.00,$0.00,Test Cleaner
="11",Paula Marsh,paula@example.com,(214) 555-0101,,Standard Cleaning,Completed,$150.00,2026-08-03T10:00:00-05:00,2026-08-03T12:30:00-05:00,2026-08-03T12:30:00-05:00,2026-01-02T09:00:00-06:00,true,100 Oak St,,Fort Worth,TX,76129,,,,$0.00,$0.00,Test Cleaner
="12",Paula Marsh,paula@example.com,(214) 555-0101,,Standard Cleaning,Completed,$154.00,2026-08-17T10:00:00-05:00,2026-08-17T12:30:00-05:00,2026-08-17T12:30:00-05:00,2026-01-02T09:00:00-06:00,true,100 Oak St,,Fort Worth,TX,76129,,,,$0.00,$0.00,Test Cleaner
="13",Paula Marsh,paula@example.com,(214) 555-0101,,Standard Cleaning,Completed,$154.00,2026-08-31T10:00:00-05:00,2026-08-31T12:30:00-05:00,2026-08-31T12:30:00-05:00,2026-01-02T09:00:00-06:00,true,100 Oak St,,Fort Worth,TX,76129,,,,$0.00,$0.00,Test Cleaner
="14",Paula Marsh,paula@example.com,(214) 555-0101,,Standard Cleaning,Completed,$0.00,2026-09-14T10:00:00-05:00,2026-09-14T12:30:00-05:00,2026-09-14T12:30:00-05:00,2026-01-02T09:00:00-06:00,true,100 Oak St,,Fort Worth,TX,76129,,,,$0.00,$0.00,Test Cleaner
="15",Paula Marsh,paula@example.com,(214) 555-0101,,Standard Cleaning,Scheduled,$154.00,2026-10-12T10:00:00-05:00,2026-10-12T12:30:00-05:00,,2026-01-02T09:00:00-06:00,true,100 Oak St,,Fort Worth,TX,76129,,,,$0.00,$0.00,Test Cleaner
"=""20""",Paula Marsh,paula@example.com,(214) 555-0101,,Deep Cleaning,Completed,$362.00,2026-02-10T09:00:00-06:00,2026-02-10T11:30:00-06:00,2026-02-10T11:30:00-06:00,2026-01-02T09:00:00-06:00,false,999 Other Rd,,Fort Worth,,,,,,$0.00,$0.00,Test Cleaner
="21",Rob Nguyen,family@example.com,214-555-0102,,Standard Cleaning,Completed,$170.00,2026-05-01T10:00:00-05:00,2026-05-01T12:30:00-05:00,2026-05-01T12:30:00-05:00,2026-01-02T09:00:00-06:00,false,200 Elm St,,Dallas,TX,75201,,,,$0.00,$0.00,Test Cleaner
="22",(817) 555-0104,,8175550104,,Custom Quote,Scheduled,$0.00,2026-10-01T09:00:00-05:00,2026-10-01T11:30:00-05:00,,2026-01-02T09:00:00-06:00,false,,,,,,,,,$0.00,$0.00,Test Cleaner
="23",Northside Rentals,billing@northside.example,,,AirBnB Turnover Clean,Completed,$140.00,2026-03-01T10:00:00-06:00,2026-03-01T12:30:00-06:00,2026-03-01T12:30:00-06:00,2026-01-02T09:00:00-06:00,false,500 Pine Ave.,,Arlington,TX,76010,,,,$0.00,$0.00,Test Cleaner
="24",Northside Rentals,ops@northside.example,,,Arrival,Completed,$140.00,2026-03-08T10:00:00-05:00,2026-03-08T12:30:00-05:00,2026-03-08T12:30:00-05:00,2026-01-02T09:00:00-06:00,false,510 Pine Ave,Unit B,Arlington,TX,76010,,,,$0.00,$0.00,Test Cleaner
="25",Northside Rentals,ops@northside.example,,,Move In/Out Cleaning,Completed,$576.00,2026-04-01T10:00:00-05:00,2026-04-01T12:30:00-05:00,2026-04-01T12:30:00-05:00,2026-01-02T09:00:00-06:00,false,520 Cedar Rd,,Arlington,,76010-1234,,,,$0.00,$0.00,Test Cleaner
="26",Northside Rentals,OPS@northside.example,,,Move In/Out Cleaning,Scheduled,$576.00,2026-10-15T10:00:00-05:00,2026-10-15T12:30:00-05:00,,2026-01-02T09:00:00-06:00,false,520 Cedar Rd.,,Arlington,TX,76010,,,,$0.00,$0.00,Test Cleaner
="27",Dana Reyes,,972-555-0106,,"House Cleaning, 2 x Bedrooms, 1 x Full Baths, 0 x Half Baths, 1 x Kitchen, 1 x Utility Room, 1 x Living Room / Dining Room / Games Room",Completed,$177.00,2025-12-01T10:00:00-06:00,2025-12-01T12:30:00-06:00,2025-12-01T12:30:00-06:00,2026-01-02T09:00:00-06:00,false,600 Birch Ln,,Plano,TX,75024,,,,$0.00,$0.00,Test Cleaner
="28",Dana Reyes,,972-555-0106,,"House Cleaning, 3 x Bedrooms, 2 x Full Baths, 1 x Half Baths, 1 x Kitchen, 0 x Utility Room, 2 x Living Room / Dining Room / Games Room, Inside the Fridge, Inside the Oven",Completed,$245.00,2026-06-01T10:00:00-05:00,2026-06-01T12:30:00-05:00,2026-06-01T12:30:00-05:00,2026-01-02T09:00:00-06:00,false,600 Birch Ln,,Plano,TX,75024,,,,$0.00,$0.00,Test Cleaner
="30",Sam Ortiz,sam@example.com,(682) 555-0107,,Regular Cleaning Service ($280/visit),Completed,$280.00,2026-05-25T09:00:00-05:00,2026-05-25T11:30:00-05:00,2026-05-25T11:30:00-05:00,2026-01-02T09:00:00-06:00,true,700 Maple Dr,,Keller,TX,76248,,,,$0.00,$0.00,Test Cleaner
="31",Sam Ortiz,sam@example.com,(682) 555-0107,,Regular Cleaning Service ($280/visit),Completed,$280.00,2026-06-22T09:00:00-05:00,2026-06-22T11:30:00-05:00,2026-06-22T11:30:00-05:00,2026-01-02T09:00:00-06:00,true,700 Maple Dr,,Keller,TX,76248,,,,$0.00,$0.00,Test Cleaner
="32",Sam Ortiz,sam@example.com,(682) 555-0107,,Regular Cleaning Service ($280/visit),Completed,$280.00,2026-07-20T09:00:00-05:00,2026-07-20T11:30:00-05:00,2026-07-20T11:30:00-05:00,2026-01-02T09:00:00-06:00,true,700 Maple Dr,,Keller,TX,76248,,,,$0.00,$0.00,Test Cleaner
="33",Sam Ortiz,sam@example.com,(682) 555-0107,,Regular Cleaning Service ($280/visit),Completed,$280.00,2026-08-17T09:00:00-05:00,2026-08-17T11:30:00-05:00,2026-08-17T11:30:00-05:00,2026-01-02T09:00:00-06:00,true,700 Maple Dr,,Keller,TX,76248,,,,$0.00,$0.00,Test Cleaner
="34",Sam Ortiz,sam@example.com,(682) 555-0107,,Regular Cleaning Service ($280/visit),Completed,$285.00,2026-09-14T09:00:00-05:00,2026-09-14T11:30:00-05:00,2026-09-14T11:30:00-05:00,2026-01-02T09:00:00-06:00,true,700 Maple Dr,,Keller,TX,76248,,,,$0.00,$0.00,Test Cleaner
="40",Lee Park,,,,Window washing,Completed,$95.00,2026-04-04T10:00:00-05:00,2026-04-04T12:30:00-05:00,2026-04-04T12:30:00-05:00,2026-01-02T09:00:00-06:00,false,800 Walnut St,,Frisco,TX,75034,,,,$0.00,$0.00,Test Cleaner
="41",Chris Lane,,,,Standard Cleaning,Completed,$160.00,2026-04-05T10:00:00-05:00,2026-04-05T12:30:00-05:00,2026-04-05T12:30:00-05:00,2026-01-02T09:00:00-06:00,false,900 Cedar Ct,,Irving,TX,75038,,,,$0.00,$0.00,Test Cleaner
="50",Kim Wu,kim@example.com,(214) 555-0111,,Standard Cleaning,Completed,$150.00,2026-08-01T10:00:00-05:00,2026-08-01T12:30:00-05:00,2026-08-01T12:30:00-05:00,2026-01-02T09:00:00-06:00,true,1100 Aspen Way,,Denton,TX,76201,,,,$0.00,$0.00,Test Cleaner
="51",Kim Wu,kim@example.com,(214) 555-0111,,Standard Cleaning,Completed,$150.00,2026-08-11T10:00:00-05:00,2026-08-11T12:30:00-05:00,2026-08-11T12:30:00-05:00,2026-01-02T09:00:00-06:00,true,1100 Aspen Way,,Denton,TX,76201,,,,$0.00,$0.00,Test Cleaner
="52",Kim Wu,kim@example.com,(214) 555-0111,,Standard Cleaning,Completed,$150.00,2026-08-22T10:00:00-05:00,2026-08-22T12:30:00-05:00,2026-08-22T12:30:00-05:00,2026-01-02T09:00:00-06:00,true,1100 Aspen Way,,Denton,TX,76201,,,,$0.00,$0.00,Test Cleaner
="53",Kim Wu,kim@example.com,(214) 555-0111,,Standard Cleaning,In progress,$150.00,2026-09-02T10:00:00-05:00,2026-09-02T12:30:00-05:00,,2026-01-02T09:00:00-06:00,true,1100 Aspen Way,,Denton,TX,76201,,,,$0.00,$0.00,Test Cleaner
="60",Zed Unknown,zed@nowhere.example,(214) 555-0199,,Standard Cleaning,Completed,$150.00,2026-01-05T10:00:00-06:00,2026-01-05T12:30:00-06:00,2026-01-05T12:30:00-06:00,2026-01-02T09:00:00-06:00,false,1 Nowhere Ln,,Dallas,TX,75201,,,,$0.00,$0.00,Test Cleaner
="61",Lee Park,,,,Standard Cleaning,Scheduled,$150.00,,,,2026-01-02T09:00:00-06:00,false,800 Walnut St,,Frisco,TX,75034,,,,$0.00,$0.00,Test Cleaner
="62",Lee Park,,,,Standard Cleaning,Scheduled,$150.00,2026-09-01T10:00:00-05:00,2026-09-01T12:30:00-05:00,,2026-01-02T09:00:00-06:00,false,800 Walnut St,,Frisco,TX,75034,,,,$0.00,$0.00,Test Cleaner
